metric,value
peak_avg_pm25,22.904013286201852
non_peak_avg_pm25,21.397625339499374
percentage_increase,7.039977206824588
