MAE,RMSE,R2
3.523487906658659,5.686013950342604,0.8467218478921139
